{
  "success": true,
  "incomeList": [
    {
      "time": "2016-03-25",
      "value": "0.5623"
    },
    {
      "time": "2016-03-24",
      "value": "0.7586"
    },
    {
      "time": "2016-03-23",
      "value": "0.7501"
    },
    {
      "time": "2016-03-22",
      "value": "0.7586"
    },
    {
      "time": "2016-03-21",
      "value": "0.5623"
    },
    {
      "time": "2016-03-20",
      "value": "0.7586"
    },
    {
      "time": "2016-03-19",
      "value": "0.5623"
    },
    {
      "time": "2016-03-18",
      "value": "0.5623"
    },
    {
      "time": "2016-03-17",
      "value": "0.3725"
    },
    {
      "time": "2016-03-16",
      "value": "0.5725"
    },
    {
      "time": "2016-03-15",
      "value": "0.5623"
    },
    {
      "time": "2016-03-14",
      "value": "0.7725"
    },
    {
      "time": "2016-03-13",
      "value": "0.2575"
    },
    {
      "time": "2016-03-12",
      "value": "0.1705"
    },
    {
      "time": "2016-03-11",
      "value": "0.5775"
    },
    {
      "time": "2016-03-10",
      "value": "0.3725"
    },
    {
      "time": "2016-03-09",
      "value": "0.7050"
    },
    {
      "time": "2016-03-08",
      "value": "0.2075"
    },
    {
      "time": "2016-03-07",
      "value": "0.1752"
    }
  ]
}
