{
    "responseCode":true,
    "responseMsg":"验证通过",
    "arrivalMode": "1",
    "defaultCard": {
        "bankCode": "A_0000",
        "bankName": "中国工商银行",
        "isBankCard": false,
        "withdrawId": 200,
        "cardNo": "1231314sfsf",
        "cardNoLater": "3402",
        "isWithdrawCard": true,
        "cardCompletion": false,
        "selectedId": 100,
        "balance": "31000.23"
    },
    "quickArrivalBalance": 9999,
    "quickLimit": "50000",
    "normalLimit": "500000",
    "quickArrivalCount": 3,
    "totalBalance": "1534.45",
    "realName": "*卫",
    "quickTip":"30分钟到账，今日还可转出3次，每笔最多5万",
    "normalTip":"4月2日 24:00前到账，此前收益照常发放，不限次，每笔最多50万"
}